{"data":{"site":{"siteMetadata":{"title":"Rory Scovel","description":"“The Last Tour” 🎟️ TICKETS AVAILABLE NOW!","author":"@roryscovel"}},"featuredImage":{"childImageSharp":{"gatsbyImageData":{"layout":"fixed","backgroundColor":"#f8f8e8","images":{"fallback":{"src":"/static/33be69036c264d7bbca3f9df3de12a92/ae1c8/Rory_Scovel_TheLastTour.png","srcSet":"/static/33be69036c264d7bbca3f9df3de12a92/ae1c8/Rory_Scovel_TheLastTour.png 1080w","sizes":"1080px"},"sources":[{"srcSet":"/static/33be69036c264d7bbca3f9df3de12a92/4f506/Rory_Scovel_TheLastTour.webp 1080w","type":"image/webp","sizes":"1080px"}]},"width":1080,"height":1080}}}}}