{"data":{"site":{"siteMetadata":{"title":"Rory Scovel","description":"“The Last Tour” 🎟️ TICKETS AVAILABLE NOW!","author":"@roryscovel","siteUrl":"https://roryscovel.gatsbyjs.io"}},"featuredImage":{"childImageSharp":{"gatsbyImageData":{"layout":"fixed","backgroundColor":"#f8f8e8","images":{"fallback":{"src":"/static/7c7c9d36d001600bd8ebbcdad7e9378a/ae1c8/Rory_Scovel_TheLastTour.png","srcSet":"/static/7c7c9d36d001600bd8ebbcdad7e9378a/ae1c8/Rory_Scovel_TheLastTour.png 1080w","sizes":"1080px"},"sources":[{"srcSet":"/static/7c7c9d36d001600bd8ebbcdad7e9378a/4f506/Rory_Scovel_TheLastTour.webp 1080w","type":"image/webp","sizes":"1080px"}]},"width":1080,"height":1080}}}}}