{"name":"build-javascript","namedChunkGroups":{"app":{"name":"app","assets":[{"name":"webpack-runtime-ebddc2b30aec0c6db50d.js","size":3893},{"name":"framework-5ba707aede4d4318151d.js","size":210887},{"name":"styles.c590f599e6907367ad87.css","size":14288},{"name":"app-af51eadb6fbff325d759.js","size":88283}],"filteredAssets":0,"assetsSize":317351,"filteredAuxiliaryAssets":3,"auxiliaryAssetsSize":856427},"component---src-pages-404-js":{"name":"component---src-pages-404-js","assets":[{"name":"styles.c590f599e6907367ad87.css","size":14288},{"name":"commons-d08ddefbd0ea4ddd9e35.js","size":22480},{"name":"component---src-pages-404-js-39675934bbfa1199c3c2.js","size":516}],"filteredAssets":0,"assetsSize":37284,"filteredAuxiliaryAssets":2,"auxiliaryAssetsSize":82492},"component---src-pages-index-js":{"name":"component---src-pages-index-js","assets":[{"name":"framework-5ba707aede4d4318151d.js","size":210887},{"name":"styles.c590f599e6907367ad87.css","size":14288},{"name":"commons-d08ddefbd0ea4ddd9e35.js","size":22480},{"name":"component---src-pages-index-js-7da00d7392e025df7792.js","size":130480}],"filteredAssets":0,"assetsSize":378135,"filteredAuxiliaryAssets":3,"auxiliaryAssetsSize":1028714}},"assetsByChunkName":{"app":["webpack-runtime-ebddc2b30aec0c6db50d.js","framework-5ba707aede4d4318151d.js","styles.c590f599e6907367ad87.css","app-af51eadb6fbff325d759.js"],"component---src-pages-404-js":["styles.c590f599e6907367ad87.css","commons-d08ddefbd0ea4ddd9e35.js","component---src-pages-404-js-39675934bbfa1199c3c2.js"],"component---src-pages-index-js":["framework-5ba707aede4d4318151d.js","styles.c590f599e6907367ad87.css","commons-d08ddefbd0ea4ddd9e35.js","component---src-pages-index-js-7da00d7392e025df7792.js"]},"childAssetsByChunkName":{}}